{"fairseq-125m": 0.3669702759300971, "fairseq-1-3b": 0.438757199086571, "fairseq-2-7b": 0.45640971128596397, "fairseq-6-7b": 0.46932697978763543, "fairseq-13b": 0.47980956711036477, "GPT-Neo-20b": 0.4846237496561847, "ada": 0.44585905899738426, "babbage": 0.4748279473105309, "curie": 0.5091328971587559, "davinci": 0.5649051300418708}